{
  "status": "ok",
  "n_train": 32,
  "feature_mean": {
    "len_chars": 6639.90625,
    "len_words": 741.09375,
    "n_sentences": 35.09375,
    "n_pm": 2.90625,
    "n_cite": 4.90625,
    "n_chi2": 4.84375,
    "n_numbers": 83.21875,
    "n_hype": 0.0,
    "cite_per_sent": 0.13802008517082046,
    "pm_per_num": 0.0386451274382653,
    "abstract_bonus": 0.5
  },
  "feature_std": {
    "len_chars": 3779.605358810199,
    "len_words": 471.9918916317621,
    "n_sentences": 20.721438757807057,
    "n_pm": 2.4410385811860307,
    "n_cite": 3.3539516894976096,
    "n_chi2": 4.873293746069887,
    "n_numbers": 54.06073906324733,
    "n_hype": 1e-06,
    "cite_per_sent": 0.08470782870875053,
    "pm_per_num": 0.04010935232036558,
    "abstract_bonus": 0.1270001270001905
  },
  "coefficients": {
    "len_chars": -2.070396415410289,
    "len_words": -3.57370216458039,
    "n_sentences": -2.8216810106447157,
    "n_pm": 1.5394549011974814,
    "n_cite": 1.8970635280349872,
    "n_chi2": 3.277463779092554,
    "n_numbers": 1.5404016048129117,
    "n_hype": 0.0,
    "cite_per_sent": 1.1055082191942394,
    "pm_per_num": -0.12036402623459273,
    "abstract_bonus": 3.152120867714598,
    "_intercept": 6.424242424242424
  },
  "train_r2": 0.821
}